chr10	13090289	13091600	Plagl1,Zac1	chr10:13090289-13091600	cg28187989_TC21	EPIC;cg20443501,ImprintDMR;chr10:13089891-13092325;M;DMR_Zac1,MonoallelicMeth
chr10	13090289	13091600	Plagl1,Zac1	chr10:13090289-13091600	cg28187993_BC11	Random
chr10	13090289	13091600	Plagl1,Zac1	chr10:13090289-13091600	cg28187994_TC11	ImprintDMR;chr10:13089891-13092325;M;DMR_Zac1,MonoallelicMeth
chr10	13090289	13091600	Plagl1,Zac1	chr10:13090289-13091600	cg28187995_BC21	ImprintDMR;chr10:13089891-13092325;M;DMR_Zac1,MonoallelicMeth
chr10	13090289	13091600	Plagl1,Zac1	chr10:13090289-13091600	cg28188001_TC11	ImprintDMR;chr10:13089891-13092325;M;DMR_Zac1
chr10	13090289	13091600	Plagl1,Zac1	chr10:13090289-13091600	cg28188014_BC21	ImprintDMR;chr10:13089891-13092325;M;DMR_Zac1,TSS;chr10:13090787;Plagl1;ENSMUST00000121646;-24;1,TSS;chr10:13090831;Plagl1;ENSMUST00000121325;-68;1,TSS;chr10:13090834;Plagl1;ENSMUST00000121766;-71;1
chr10	13090289	13091600	Plagl1,Zac1	chr10:13090289-13091600	cg28188033_BC11	CGI;chr10:13090532-13091299,ImprintDMR;chr10:13089891-13092325;M;DMR_Zac1,TSS;chr10:13090787;Plagl1;ENSMUST00000121646;+169;2,TSS;chr10:13090831;Plagl1;ENSMUST00000121325;+125;2,TSS;chr10:13090834;Plagl1;ENSMUST00000121766;+122;2,TSS;chr10:13091012;Plagl1;ENSMUST00000143582;-56;1
chr10	13090289	13091600	Plagl1,Zac1	chr10:13090289-13091600	cg28188055_BC21	ImprintDMR;chr10:13089891-13092325;M;DMR_Zac1,TSS;chr10:13091012;Plagl1;ENSMUST00000143582;+114;2
chr10	13090289	13091600	Plagl1,Zac1	chr10:13090289-13091600	cg28188056_BC21	ImprintDMR;chr10:13089891-13092325;M;DMR_Zac1,MonoallelicMeth
chr10	13090289	13091600	Plagl1,Zac1	chr10:13090289-13091600	cg28188063_TC21	ImprintDMR;chr10:13089891-13092325;M;DMR_Zac1,MonoallelicMeth
chr10	13090289	13091600	Plagl1,Zac1	chr10:13090289-13091600	cg28188064_BC21	ImprintDMR;chr10:13089891-13092325;M;DMR_Zac1,MonoallelicMeth
chr10	13090289	13091600	Plagl1,Zac1	chr10:13090289-13091600	cg28188065_BC21	ImprintDMR;chr10:13089891-13092325;M;DMR_Zac1,MonoallelicMeth
chr10	13090289	13091600	Plagl1,Zac1	chr10:13090289-13091600	cg28188067_BC21	ImprintDMR;chr10:13089891-13092325;M;DMR_Zac1,MonoallelicMeth
chr10	13090289	13091600	Plagl1,Zac1	chr10:13090289-13091600	cg28188068_TC21	ImprintDMR;chr10:13089891-13092325;M;DMR_Zac1,MonoallelicMeth
chr10	13090289	13091600	Plagl1,Zac1	chr10:13090289-13091600	cg28188072_BC21	Enhancer,ImprintDMR;chr10:13089891-13092325;M;DMR_Zac1,MonoallelicMeth,VMR;chr10:13091182-13091534
chr10	13090289	13091600	Plagl1,Zac1	chr10:13090289-13091600	cg28188073_TC21	ImprintDMR;chr10:13089891-13092325;M;DMR_Zac1,MonoallelicMeth
chr11	12025451	12025844	Grb10	chr11:12025451-12025844	cg29252903_BC11	ImprintDMR;chr11:12025124-12027097;M;DMR_Meg1_Grb10,MonoallelicMeth
chr11	12025451	12025844	Grb10	chr11:12025451-12025844	cg29252928_TC21	ImprintDMR;chr11:12025124-12027097;M;DMR_Meg1_Grb10
chr11	12025451	12025844	Grb10	chr11:12025451-12025844	cg29252933_BC21	CGI;chr11:12025554-12026332,ImprintDMR;chr11:12025124-12027097;M;DMR_Meg1_Grb10
chr11	22971698	22973990	Zrsr1,U2af1-rs1	chr11:22971698-22973990	cg29321481_TC21	Enhancer,ImprintDMR;chr11:22971610-22974212;M;DMR_U2af1_rs1,MonoallelicMeth
chr11	22971698	22973990	Zrsr1,U2af1-rs1	chr11:22971698-22973990	cg29321484_BC21	ImprintDMR;chr11:22971610-22974212;M;DMR_U2af1_rs1,MonoallelicMeth
chr11	22971698	22973990	Zrsr1,U2af1-rs1	chr11:22971698-22973990	cg29321486_TC21	ImprintDMR;chr11:22971610-22974212;M;DMR_U2af1_rs1,MonoallelicMeth,TSS;chr11:22972004;Zrsr1;ENSMUST00000049506;-23;2
chr11	22971698	22973990	Zrsr1,U2af1-rs1	chr11:22971698-22973990	cg29321487_BC11	ImprintDMR;chr11:22971610-22974212;M;DMR_U2af1_rs1,MonoallelicMeth,TSS;chr11:22972004;Zrsr1;ENSMUST00000049506;-6;1
chr11	22971698	22973990	Zrsr1,U2af1-rs1	chr11:22971698-22973990	cg29321488_BC21	ImprintDMR;chr11:22971610-22974212;M;DMR_U2af1_rs1,MonoallelicMeth
chr11	22971698	22973990	Zrsr1,U2af1-rs1	chr11:22971698-22973990	cg29321490_TC21	ImprintDMR;chr11:22971610-22974212;M;DMR_U2af1_rs1,MonoallelicMeth
chr11	22971698	22973990	Zrsr1,U2af1-rs1	chr11:22971698-22973990	cg29321497_TC21	ImprintDMR;chr11:22971610-22974212;M;DMR_U2af1_rs1,MonoallelicMeth
chr11	22971698	22973990	Zrsr1,U2af1-rs1	chr11:22971698-22973990	cg29321498_BC21	ImprintDMR;chr11:22971610-22974212;M;DMR_U2af1_rs1,MonoallelicMeth
chr11	22971698	22973990	Zrsr1,U2af1-rs1	chr11:22971698-22973990	cg29321499_BC21	ImprintDMR;chr11:22971610-22974212;M;DMR_U2af1_rs1,MonoallelicMeth
chr11	22971698	22973990	Zrsr1,U2af1-rs1	chr11:22971698-22973990	cg29321500_BC21	ImprintDMR;chr11:22971610-22974212;M;DMR_U2af1_rs1,MonoallelicMeth
chr11	22971698	22973990	Zrsr1,U2af1-rs1	chr11:22971698-22973990	cg29321505_TC21	ImprintDMR;chr11:22971610-22974212;M;DMR_U2af1_rs1,MonoallelicMeth
chr11	22971698	22973990	Zrsr1,U2af1-rs1	chr11:22971698-22973990	cg29321506_TC21	ImprintDMR;chr11:22971610-22974212;M;DMR_U2af1_rs1,MonoallelicMeth
chr11	22971698	22973990	Zrsr1,U2af1-rs1	chr11:22971698-22973990	cg29321531_TC21	ImprintDMR;chr11:22971610-22974212;M;DMR_U2af1_rs1,MonoallelicMeth
chr11	22971698	22973990	Zrsr1,U2af1-rs1	chr11:22971698-22973990	cg29321532_TC11	ImprintDMR;chr11:22971610-22974212;M;DMR_U2af1_rs1,MonoallelicMeth
chr11	22971698	22973990	Zrsr1,U2af1-rs1	chr11:22971698-22973990	cg29321539_BC21	ImprintDMR;chr11:22971610-22974212;M;DMR_U2af1_rs1,MonoallelicMeth
chr11	22971698	22973990	Zrsr1,U2af1-rs1	chr11:22971698-22973990	cg29321544_BC11	ImprintDMR;chr11:22971610-22974212;M;DMR_U2af1_rs1,MonoallelicMeth
chr11	22971698	22973990	Zrsr1,U2af1-rs1	chr11:22971698-22973990	cg29321546_BC11	ImprintDMR;chr11:22971610-22974212;M;DMR_U2af1_rs1,MonoallelicMeth
chr11	22971698	22973990	Zrsr1,U2af1-rs1	chr11:22971698-22973990	cg29321548_BC11	ImprintDMR;chr11:22971610-22974212;M;DMR_U2af1_rs1,MonoallelicMeth
chr11	22971698	22973990	Zrsr1,U2af1-rs1	chr11:22971698-22973990	cg29321552_TC21	ImprintDMR;chr11:22971610-22974212;M;DMR_U2af1_rs1,MonoallelicMeth
chr11	22971698	22973990	Zrsr1,U2af1-rs1	chr11:22971698-22973990	cg29321553_BC11	ImprintDMR;chr11:22971610-22974212;M;DMR_U2af1_rs1,MonoallelicMeth
chr11	22971698	22973990	Zrsr1,U2af1-rs1	chr11:22971698-22973990	cg29321554_TC21	ImprintDMR;chr11:22971610-22974212;M;DMR_U2af1_rs1,MonoallelicMeth
chr11	22971698	22973990	Zrsr1,U2af1-rs1	chr11:22971698-22973990	cg29321557_TC21	ImprintDMR;chr11:22971610-22974212;M;DMR_U2af1_rs1,MonoallelicMeth
chr11	22971698	22973990	Zrsr1,U2af1-rs1	chr11:22971698-22973990	cg29321561_BC21	ImprintDMR;chr11:22971610-22974212;M;DMR_U2af1_rs1,MonoallelicMeth
chr11	22971698	22973990	Zrsr1,U2af1-rs1	chr11:22971698-22973990	cg29321563_BC11	ImprintDMR;chr11:22971610-22974212;M;DMR_U2af1_rs1
chr11	22971698	22973990	Zrsr1,U2af1-rs1	chr11:22971698-22973990	cg29321564_TC21	ImprintDMR;chr11:22971610-22974212;M;DMR_U2af1_rs1,PseudogeneTSS;chr11:22973228;Zrsr1;ENSMUST00000229075;87
chr11	22971698	22973990	Zrsr1,U2af1-rs1	chr11:22971698-22973990	cg29321579_BC21	ImprintDMR;chr11:22971610-22974212;M;DMR_U2af1_rs1,MonoallelicMeth
chr11	22971698	22973990	Zrsr1,U2af1-rs1	chr11:22971698-22973990	cg29321580_TC21	ImprintDMR;chr11:22971610-22974212;M;DMR_U2af1_rs1,MonoallelicMeth,VMR;chr11:22973359-22973789
chr11	22971698	22973990	Zrsr1,U2af1-rs1	chr11:22971698-22973990	cg29321583_BC11	ImprintDMR;chr11:22971610-22974212;M;DMR_U2af1_rs1,MonoallelicMeth
chr11	22971698	22973990	Zrsr1,U2af1-rs1	chr11:22971698-22973990	cg29321587_BC21	ImprintDMR;chr11:22971610-22974212;M;DMR_U2af1_rs1,MonoallelicMeth
chr11	22971698	22973990	Zrsr1,U2af1-rs1	chr11:22971698-22973990	cg29321588_BC11	ImprintDMR;chr11:22971610-22974212;M;DMR_U2af1_rs1,MonoallelicMeth
chr11	22971698	22973990	Zrsr1,U2af1-rs1	chr11:22971698-22973990	cg29321591_BC21	ImprintDMR;chr11:22971610-22974212;M;DMR_U2af1_rs1,MonoallelicMeth
chr11	22971698	22973990	Zrsr1,U2af1-rs1	chr11:22971698-22973990	cg29321594_TC21	ImprintDMR;chr11:22971610-22974212;M;DMR_U2af1_rs1,MonoallelicMeth
chr11	22971698	22973990	Zrsr1,U2af1-rs1	chr11:22971698-22973990	cg29321595_TC21	Adenoma,ImprintDMR;chr11:22971610-22974212;M;DMR_U2af1_rs1,MonoallelicMeth
chr11	22971698	22973990	Zrsr1,U2af1-rs1	chr11:22971698-22973990	cg29321596_TC11	ImprintDMR;chr11:22971610-22974212;M;DMR_U2af1_rs1,MonoallelicMeth
chr11	22971698	22973990	Zrsr1,U2af1-rs1	chr11:22971698-22973990	cg29321598_BC11	ImprintDMR;chr11:22971610-22974212;M;DMR_U2af1_rs1,MonoallelicMeth
chr11	22971698	22973990	Zrsr1,U2af1-rs1	chr11:22971698-22973990	cg29321599_TC21	ImprintDMR;chr11:22971610-22974212;M;DMR_U2af1_rs1,MonoallelicMeth
chr12	109527910	109528908	Dlk1-Gtl2	chr12:109527910-109528908	cg31119458_TC21	ImprintDMR;chr12:109524493-109534883;P;DMR_Dlk1_Gtl2
chr12	109527910	109528908	Dlk1-Gtl2	chr12:109527910-109528908	cg31119459_TC21	ImprintDMR;chr12:109524493-109534883;P;DMR_Dlk1_Gtl2
chr12	109527910	109528908	Dlk1-Gtl2	chr12:109527910-109528908	cg31119460_TC21	ImprintDMR;chr12:109524493-109534883;P;DMR_Dlk1_Gtl2,MonoallelicMeth
chr12	109527910	109528908	Dlk1-Gtl2	chr12:109527910-109528908	cg31119462_TC21	ImprintDMR;chr12:109524493-109534883;P;DMR_Dlk1_Gtl2,MonoallelicMeth
chr12	109527910	109528908	Dlk1-Gtl2	chr12:109527910-109528908	cg31119463_TC21	CGI;chr12:109528252-109528472,ImprintDMR;chr12:109524493-109534883;P;DMR_Dlk1_Gtl2,MonoallelicMeth
chr12	109527910	109528908	Dlk1-Gtl2	chr12:109527910-109528908	cg31119465_BC21	CGI;chr12:109528252-109528472,ImprintDMR;chr12:109524493-109534883;P;DMR_Dlk1_Gtl2,MonoallelicMeth
chr12	109527910	109528908	Dlk1-Gtl2	chr12:109527910-109528908	cg31119469_BC21	CGI;chr12:109528252-109528472,ImprintDMR;chr12:109524493-109534883;P;DMR_Dlk1_Gtl2
chr12	109527910	109528908	Dlk1-Gtl2	chr12:109527910-109528908	cg31119494_TC21	ImprintDMR;chr12:109524493-109534883;P;DMR_Dlk1_Gtl2,MonoallelicMeth
chr15	72808843	72811448	Peg13	chr15:72808843-72811448	cg33469119_BC21	MonoallelicMeth
chr15	72808843	72811448	Peg13	chr15:72808843-72811448	cg33469120_BC21	Adenoma,Enhancer,MonoallelicMeth
chr15	72808843	72811448	Peg13	chr15:72808843-72811448	cg33469122_BC21	ImprintDMR;chr15:72809067-72811544;M;DMR_Peg13_Trappc9,MonoallelicMeth
chr15	72808843	72811448	Peg13	chr15:72808843-72811448	cg33469123_BC21	ImprintDMR;chr15:72809067-72811544;M;DMR_Peg13_Trappc9
chr15	72808843	72811448	Peg13	chr15:72808843-72811448	cg33469127_BC21	ImprintDMR;chr15:72809067-72811544;M;DMR_Peg13_Trappc9,MonoallelicMeth
chr15	72808843	72811448	Peg13	chr15:72808843-72811448	cg33469128_TC21	ImprintDMR;chr15:72809067-72811544;M;DMR_Peg13_Trappc9,MonoallelicMeth
chr15	72808843	72811448	Peg13	chr15:72808843-72811448	cg33469133_TC21	ImprintDMR;chr15:72809067-72811544;M;DMR_Peg13_Trappc9,MonoallelicMeth
chr15	72808843	72811448	Peg13	chr15:72808843-72811448	cg33469134_BC21	ImprintDMR;chr15:72809067-72811544;M;DMR_Peg13_Trappc9,MonoallelicMeth
chr15	72808843	72811448	Peg13	chr15:72808843-72811448	cg33469135_BC21	ImprintDMR;chr15:72809067-72811544;M;DMR_Peg13_Trappc9,MonoallelicMeth
chr15	72808843	72811448	Peg13	chr15:72808843-72811448	cg33469136_BC11	Enhancer,ImprintDMR;chr15:72809067-72811544;M;DMR_Peg13_Trappc9,MonoallelicMeth
chr15	72808843	72811448	Peg13	chr15:72808843-72811448	cg33469137_BC21	ImprintDMR;chr15:72809067-72811544;M;DMR_Peg13_Trappc9,MonoallelicMeth
chr15	72808843	72811448	Peg13	chr15:72808843-72811448	cg33469142_BC11	ImprintDMR;chr15:72809067-72811544;M;DMR_Peg13_Trappc9,MonoallelicMeth
chr15	72808843	72811448	Peg13	chr15:72808843-72811448	cg33469144_BC11	CGI;chr15:72809537-72810123,ImprintDMR;chr15:72809067-72811544;M;DMR_Peg13_Trappc9,MonoallelicMeth
chr15	72808843	72811448	Peg13	chr15:72808843-72811448	cg33469160_BC11	ImprintDMR;chr15:72809067-72811544;M;DMR_Peg13_Trappc9,MonoallelicMeth
chr15	72808843	72811448	Peg13	chr15:72808843-72811448	cg33469161_BC21	ImprintDMR;chr15:72809067-72811544;M;DMR_Peg13_Trappc9,MonoallelicMeth
chr15	72808843	72811448	Peg13	chr15:72808843-72811448	cg33469162_BC21	CGI;chr15:72809537-72810123,Enhancer,ImprintDMR;chr15:72809067-72811544;M;DMR_Peg13_Trappc9,MonoallelicMeth
chr15	72808843	72811448	Peg13	chr15:72808843-72811448	cg33469165_TC11	ImprintDMR;chr15:72809067-72811544;M;DMR_Peg13_Trappc9,MonoallelicMeth
chr15	72808843	72811448	Peg13	chr15:72808843-72811448	cg33469169_BC21	ImprintDMR;chr15:72809067-72811544;M;DMR_Peg13_Trappc9,MonoallelicMeth
chr15	72808843	72811448	Peg13	chr15:72808843-72811448	cg33469170_TC21	ImprintDMR;chr15:72809067-72811544;M;DMR_Peg13_Trappc9,MonoallelicMeth
chr15	72808843	72811448	Peg13	chr15:72808843-72811448	cg33469179_TC21	CGI;chr15:72809537-72810123,ImprintDMR;chr15:72809067-72811544;M;DMR_Peg13_Trappc9,MonoallelicMeth,VMR;chr15:72809749-72810718
chr15	72808843	72811448	Peg13	chr15:72808843-72811448	cg33469181_BC21	ImprintDMR;chr15:72809067-72811544;M;DMR_Peg13_Trappc9,MonoallelicMeth
chr15	72808843	72811448	Peg13	chr15:72808843-72811448	cg33469182_BC21	ImprintDMR;chr15:72809067-72811544;M;DMR_Peg13_Trappc9,MonoallelicMeth
chr15	72808843	72811448	Peg13	chr15:72808843-72811448	cg33469183_TC21	ImprintDMR;chr15:72809067-72811544;M;DMR_Peg13_Trappc9,MonoallelicMeth
chr15	72808843	72811448	Peg13	chr15:72808843-72811448	cg33469189_BC21	ImprintDMR;chr15:72809067-72811544;M;DMR_Peg13_Trappc9,MonoallelicMeth
chr15	72808843	72811448	Peg13	chr15:72808843-72811448	cg33469190_BC21	ImprintDMR;chr15:72809067-72811544;M;DMR_Peg13_Trappc9,MonoallelicMeth
chr15	72808843	72811448	Peg13	chr15:72808843-72811448	cg33469191_BC21	ImprintDMR;chr15:72809067-72811544;M;DMR_Peg13_Trappc9,MonoallelicMeth
chr15	72808843	72811448	Peg13	chr15:72808843-72811448	cg33469196_TC21	ImprintDMR;chr15:72809067-72811544;M;DMR_Peg13_Trappc9,MonoallelicMeth
chr15	72808843	72811448	Peg13	chr15:72808843-72811448	cg33469197_BC21	ImprintDMR;chr15:72809067-72811544;M;DMR_Peg13_Trappc9,MonoallelicMeth
chr15	72808843	72811448	Peg13	chr15:72808843-72811448	cg33469198_BC21	ImprintDMR;chr15:72809067-72811544;M;DMR_Peg13_Trappc9,MonoallelicMeth
chr15	72808843	72811448	Peg13	chr15:72808843-72811448	cg33469199_TC21	ImprintDMR;chr15:72809067-72811544;M;DMR_Peg13_Trappc9,MonoallelicMeth
chr15	72808843	72811448	Peg13	chr15:72808843-72811448	cg33469202_TC21	ImprintDMR;chr15:72809067-72811544;M;DMR_Peg13_Trappc9
chr15	72808843	72811448	Peg13	chr15:72808843-72811448	cg33469203_BC11	ImprintDMR;chr15:72809067-72811544;M;DMR_Peg13_Trappc9
chr15	72808843	72811448	Peg13	chr15:72808843-72811448	cg33469208_TC21	ImprintDMR;chr15:72809067-72811544;M;DMR_Peg13_Trappc9,MonoallelicMeth
chr15	72808843	72811448	Peg13	chr15:72808843-72811448	cg33469209_TC11	ImprintDMR;chr15:72809067-72811544;M;DMR_Peg13_Trappc9,MonoallelicMeth
chr15	72808843	72811448	Peg13	chr15:72808843-72811448	cg33469211_TC21	ImprintDMR;chr15:72809067-72811544;M;DMR_Peg13_Trappc9,MonoallelicMeth
chr15	72808843	72811448	Peg13	chr15:72808843-72811448	cg33469212_TC21	ImprintDMR;chr15:72809067-72811544;M;DMR_Peg13_Trappc9
chr15	72808843	72811448	Peg13	chr15:72808843-72811448	cg33469213_BC11	ImprintDMR;chr15:72809067-72811544;M;DMR_Peg13_Trappc9,MonoallelicMeth
chr15	97054004	97055720	Slc38a4	chr15:97054004-97055720	cg33754618_BC21	ImprintDMR;chr15:97054300-97056899;M;DMR_Slc38a4,MonoallelicMeth
chr15	97054004	97055720	Slc38a4	chr15:97054004-97055720	cg33754646_TC21	CGI;chr15:97054448-97054857,ImprintDMR;chr15:97054300-97056899;M;DMR_Slc38a4
chr15	97054004	97055720	Slc38a4	chr15:97054004-97055720	cg33754648_TC21	CGI;chr15:97054448-97054857,ImprintDMR;chr15:97054300-97056899;M;DMR_Slc38a4
chr15	97054004	97055720	Slc38a4	chr15:97054004-97055720	cg33754651_TC21	CGI;chr15:97054448-97054857,ImprintDMR;chr15:97054300-97056899;M;DMR_Slc38a4,MonoallelicMeth
chr15	97054004	97055720	Slc38a4	chr15:97054004-97055720	cg33754663_TC11	VMR;chr15:97055036-97055107
chr15	97054004	97055720	Slc38a4	chr15:97054004-97055720	cg33754670_BC11	ImprintDMR;chr15:97054300-97056899;M;DMR_Slc38a4,MonoallelicMeth
chr15	97054004	97055720	Slc38a4	chr15:97054004-97055720	cg33754671_TC21	ImprintDMR;chr15:97054300-97056899;M;DMR_Slc38a4,MonoallelicMeth
chr15	97054004	97055720	Slc38a4	chr15:97054004-97055720	cg33754672_TC21	ImprintDMR;chr15:97054300-97056899;M;DMR_Slc38a4,MonoallelicMeth
chr15	97054004	97055720	Slc38a4	chr15:97054004-97055720	cg33754673_TC21	ImprintDMR;chr15:97054300-97056899;M;DMR_Slc38a4
chr15	97054004	97055720	Slc38a4	chr15:97054004-97055720	cg33754678_BC11	ImprintDMR;chr15:97054300-97056899;M;DMR_Slc38a4
chr15	97054004	97055720	Slc38a4	chr15:97054004-97055720	cg33754685_TC11	ImprintDMR;chr15:97054300-97056899;M;DMR_Slc38a4
chr17	12741763	12742936	Igf2r	chr17:12741763-12742936	cg34653154_BC21	CGI;chr17:12741440-12742489,ImprintDMR;chr17:12741303-12742950;M;DMR_Igf2r
chr17	12741763	12742936	Igf2r	chr17:12741763-12742936	cg34653186_TC21	ImprintDMR;chr17:12741303-12742950;M;DMR_Igf2r,MonoallelicMeth
chr17	12741763	12742936	Igf2r	chr17:12741763-12742936	cg34653191_BC21	ImprintDMR;chr17:12741303-12742950;M;DMR_Igf2r,MonoallelicMeth
chr17	12741763	12742936	Igf2r	chr17:12741763-12742936	cg34653192_BC11	ImprintDMR;chr17:12741303-12742950;M;DMR_Igf2r,MonoallelicMeth
chr17	12741763	12742936	Igf2r	chr17:12741763-12742936	cg34653193_BC21	ImprintDMR;chr17:12741303-12742950;M;DMR_Igf2r,MonoallelicMeth,VMR;chr17:12742219-12742756
chr17	12741763	12742936	Igf2r	chr17:12741763-12742936	cg34653196_BC21	ImprintDMR;chr17:12741303-12742950;M;DMR_Igf2r
chr18	12972071	12974805	Impact	chr18:12972071-12974805	cg35443730_TC21	ImprintDMR;chr18:12971926-12975001;M;DMR_Impact,MonoallelicMeth
chr18	12972071	12974805	Impact	chr18:12972071-12974805	cg35443732_TC21	ImprintDMR;chr18:12971926-12975001;M;DMR_Impact,MonoallelicMeth
chr18	12972071	12974805	Impact	chr18:12972071-12974805	cg35443735_TC21	ImprintDMR;chr18:12971926-12975001;M;DMR_Impact,MonoallelicMeth
chr18	12972071	12974805	Impact	chr18:12972071-12974805	cg35443739_TC21	ImprintDMR;chr18:12971926-12975001;M;DMR_Impact,MonoallelicMeth,VMR;chr18:12972737-12973331
chr18	12972071	12974805	Impact	chr18:12972071-12974805	cg35443741_TC21	ImprintDMR;chr18:12971926-12975001;M;DMR_Impact,MonoallelicMeth
chr18	12972071	12974805	Impact	chr18:12972071-12974805	cg35443747_TC21	Adenoma,ImprintDMR;chr18:12971926-12975001;M;DMR_Impact,MonoallelicMeth
chr18	12972071	12974805	Impact	chr18:12972071-12974805	cg35443748_BC21	Adenoma,ImprintDMR;chr18:12971926-12975001;M;DMR_Impact,MonoallelicMeth
chr18	12972071	12974805	Impact	chr18:12972071-12974805	cg35443749_BC11	ImprintDMR;chr18:12971926-12975001;M;DMR_Impact,MonoallelicMeth
chr18	12972071	12974805	Impact	chr18:12972071-12974805	cg35443752_BC11	ImprintDMR;chr18:12971926-12975001;M;DMR_Impact,MonoallelicMeth
chr18	12972071	12974805	Impact	chr18:12972071-12974805	cg35443753_TC21	ImprintDMR;chr18:12971926-12975001;M;DMR_Impact,MonoallelicMeth
chr18	12972071	12974805	Impact	chr18:12972071-12974805	cg35443755_TC11	ImprintDMR;chr18:12971926-12975001;M;DMR_Impact,MonoallelicMeth
chr18	12972071	12974805	Impact	chr18:12972071-12974805	cg35443804_TC11	VMR;chr18:12973499-12973826
chr18	12972071	12974805	Impact	chr18:12972071-12974805	cg35443859_BC21	ImprintDMR;chr18:12971926-12975001;M;DMR_Impact,MonoallelicMeth,TSS;chr18:12974297;Impact;ENSMUST00000234409;+121;1
chr18	12972071	12974805	Impact	chr18:12972071-12974805	cg35443861_TC21	ImprintDMR;chr18:12971926-12975001;M;DMR_Impact,MonoallelicMeth,TSS;chr18:12974297;Impact;ENSMUST00000234409;+181;2,TSS;chr18:12974477;Impact;ENSMUST00000234035;+1;1
chr18	12972071	12974805	Impact	chr18:12972071-12974805	cg35443864_TC21	ImprintDMR;chr18:12971926-12975001;M;DMR_Impact,MonoallelicMeth,TSS;chr18:12974477;Impact;ENSMUST00000234035;+44;2
chr18	12972071	12974805	Impact	chr18:12972071-12974805	cg35443866_BC21	ImprintDMR;chr18:12971926-12975001;M;DMR_Impact,MonoallelicMeth
chr18	12972071	12974805	Impact	chr18:12972071-12974805	cg35443867_TC21	ImprintDMR;chr18:12971926-12975001;M;DMR_Impact,MonoallelicMeth
chr18	12972071	12974805	Impact	chr18:12972071-12974805	cg35443868_TC21	ImprintDMR;chr18:12971926-12975001;M;DMR_Impact,MonoallelicMeth,TSS;chr18:12974673;Impact;ENSMUST00000235053;-49;1
chr18	12972071	12974805	Impact	chr18:12972071-12974805	cg35443870_BC21	ImprintDMR;chr18:12971926-12975001;M;DMR_Impact,TSS;chr18:12974673;Impact;ENSMUST00000235053;+74;2
chr2	174294395	174296929	Nespas-Gnasxl	chr2:174294395-174296929	cg39382460_TC21	ImprintDMR;chr2:174294362-174301063;M;DMR_Nespas_Gnasxl,MonoallelicMeth
chr2	174294395	174296929	Nespas-Gnasxl	chr2:174294395-174296929	cg39382473_BC21	Enhancer,ImprintDMR;chr2:174294362-174301063;M;DMR_Nespas_Gnasxl
chr2	174294395	174296929	Nespas-Gnasxl	chr2:174294395-174296929	cg39382475_BC11	ImprintDMR;chr2:174294362-174301063;M;DMR_Nespas_Gnasxl
chr2	174294395	174296929	Nespas-Gnasxl	chr2:174294395-174296929	cg39382491_TC21	ImprintDMR;chr2:174294362-174301063;M;DMR_Nespas_Gnasxl,MonoallelicMeth
chr2	174294395	174296929	Nespas-Gnasxl	chr2:174294395-174296929	cg39382496_TC11	ImprintDMR;chr2:174294362-174301063;M;DMR_Nespas_Gnasxl,MonoallelicMeth
chr2	174294395	174296929	Nespas-Gnasxl	chr2:174294395-174296929	cg39382499_TC21	ImprintDMR;chr2:174294362-174301063;M;DMR_Nespas_Gnasxl,MonoallelicMeth
chr2	174294395	174296929	Nespas-Gnasxl	chr2:174294395-174296929	cg39382503_BC21	ImprintDMR;chr2:174294362-174301063;M;DMR_Nespas_Gnasxl
chr2	174294395	174296929	Nespas-Gnasxl	chr2:174294395-174296929	cg39382505_BC21	ImprintDMR;chr2:174294362-174301063;M;DMR_Nespas_Gnasxl
chr2	174294395	174296929	Nespas-Gnasxl	chr2:174294395-174296929	cg39382508_TC11	ImprintDMR;chr2:174294362-174301063;M;DMR_Nespas_Gnasxl,MonoallelicMeth
chr2	174294395	174296929	Nespas-Gnasxl	chr2:174294395-174296929	cg39382521_BC21	ImprintDMR;chr2:174294362-174301063;M;DMR_Nespas_Gnasxl,MonoallelicMeth
chr2	174294395	174296929	Nespas-Gnasxl	chr2:174294395-174296929	cg39382522_TC21	ImprintDMR;chr2:174294362-174301063;M;DMR_Nespas_Gnasxl,MonoallelicMeth
chr2	174294395	174296929	Nespas-Gnasxl	chr2:174294395-174296929	cg39382531_TC21	Enhancer,ImprintDMR;chr2:174294362-174301063;M;DMR_Nespas_Gnasxl
chr2	174294395	174296929	Nespas-Gnasxl	chr2:174294395-174296929	cg39382538_TC11	ImprintDMR;chr2:174294362-174301063;M;DMR_Nespas_Gnasxl
chr2	174294395	174296929	Nespas-Gnasxl	chr2:174294395-174296929	cg39382542_TC21	ImprintDMR;chr2:174294362-174301063;M;DMR_Nespas_Gnasxl,MonoallelicMeth
chr2	174294395	174296929	Nespas-Gnasxl	chr2:174294395-174296929	cg39382543_TC21	ImprintDMR;chr2:174294362-174301063;M;DMR_Nespas_Gnasxl,MonoallelicMeth
chr2	174294395	174296929	Nespas-Gnasxl	chr2:174294395-174296929	cg39382544_TC21	Random
chr2	174327149	174327881	Gnas1a	chr2:174327149-174327881	cg39383037_TC21	ImprintDMR;chr2:174325376-174329137;M;DMR_Gnas1A,MonoallelicMeth
chr2	174327149	174327881	Gnas1a	chr2:174327149-174327881	cg39383040_BC11	ImprintDMR;chr2:174325376-174329137;M;DMR_Gnas1A,VMR;chr2:174327225-174327506
chr2	174327149	174327881	Gnas1a	chr2:174327149-174327881	cg39383056_TC21	ImprintDMR;chr2:174325376-174329137;M;DMR_Gnas1A
chr6	4746830	4749271	Peg10	chr6:4746830-4749271	cg43096078_BC11	ImprintDMR;chr6:4746743-4749483;M;DMR_Peg10,TSS;chr6:4747115;Sgce;ENSMUST00000090686;+182;2,TSS;chr6:4747123;Sgce;ENSMUST00000133306;+190;2,TSS;chr6:4747156;Sgce;ENSMUST00000126151;+223;2,TSS;chr6:4747175;Sgce;ENSMUST00000115577;+242;2,TSS;chr6:4747187;Sgce;ENSMUST00000101677;+254;2,TSS;chr6:4747203;Sgce;ENSMUST00000115579;+270;2,TSS;chr6:4747206;Sgce;ENSMUST00000004750;+273;2,TSS;chr6:4747305;Peg10;ENSMUST00000166678-ENSMUST00000176204;-372;2
chr6	4746830	4749271	Peg10	chr6:4746830-4749271	cg43096084_TC21	ImprintDMR;chr6:4746743-4749483;M;DMR_Peg10,TSS;chr6:4747115;Sgce;ENSMUST00000090686;+86;1,TSS;chr6:4747123;Sgce;ENSMUST00000133306;+94;1,TSS;chr6:4747156;Sgce;ENSMUST00000126151;+127;1,TSS;chr6:4747175;Sgce;ENSMUST00000115577;+146;1,TSS;chr6:4747187;Sgce;ENSMUST00000101677;+158;1,TSS;chr6:4747203;Sgce;ENSMUST00000115579;+174;1,TSS;chr6:4747206;Sgce;ENSMUST00000004750;+177;1,TSS;chr6:4747305;Peg10;ENSMUST00000166678-ENSMUST00000176204;-276;1,TSS;chr6:4747405;Peg10;ENSMUST00000176551;-376;2
chr6	4746830	4749271	Peg10	chr6:4746830-4749271	cg43096134_BC21	ImprintDMR;chr6:4746743-4749483;M;DMR_Peg10,MonoallelicMeth,TSS;chr6:4747405;Peg10;ENSMUST00000176551;+329;1
chr6	4746830	4749271	Peg10	chr6:4746830-4749271	cg43096146_BC21	ImprintDMR;chr6:4746743-4749483;M;DMR_Peg10,MonoallelicMeth
chr6	4746830	4749271	Peg10	chr6:4746830-4749271	cg43096147_TC21	EPIC;cg22331138,ImprintDMR;chr6:4746743-4749483;M;DMR_Peg10,MonoallelicMeth
chr6	4746830	4749271	Peg10	chr6:4746830-4749271	cg43096148_BC21	ImprintDMR;chr6:4746743-4749483;M;DMR_Peg10,MonoallelicMeth
chr6	4746830	4749271	Peg10	chr6:4746830-4749271	cg43096149_BC21	CGI;chr6:4747291-4748412,ImprintDMR;chr6:4746743-4749483;M;DMR_Peg10,MonoallelicMeth,VMR;chr6:4747670-4747972
chr6	4746830	4749271	Peg10	chr6:4746830-4749271	cg43096157_TC21	ImprintDMR;chr6:4746743-4749483;M;DMR_Peg10,MonoallelicMeth
chr6	4746830	4749271	Peg10	chr6:4746830-4749271	cg43096161_TC21	EPIC;cg00906934,ImprintDMR;chr6:4746743-4749483;M;DMR_Peg10,MonoallelicMeth
chr6	4746830	4749271	Peg10	chr6:4746830-4749271	cg43096171_TC11	ImprintDMR;chr6:4746743-4749483;M;DMR_Peg10,MonoallelicMeth
chr6	4746830	4749271	Peg10	chr6:4746830-4749271	cg43096176_TC21	ImprintDMR;chr6:4746743-4749483;M;DMR_Peg10,MonoallelicMeth
chr6	4746830	4749271	Peg10	chr6:4746830-4749271	cg43096196_TC11	ImprintDMR;chr6:4746743-4749483;M;DMR_Peg10,MonoallelicMeth
chr6	4746830	4749271	Peg10	chr6:4746830-4749271	cg43096199_BC21	ImprintDMR;chr6:4746743-4749483;M;DMR_Peg10,MonoallelicMeth
chr6	4746830	4749271	Peg10	chr6:4746830-4749271	cg43096201_TC21	EPIC;cg21853542,ImprintDMR;chr6:4746743-4749483;M;DMR_Peg10,MonoallelicMeth
chr6	4746830	4749271	Peg10	chr6:4746830-4749271	cg43096202_TC21	ImprintDMR;chr6:4746743-4749483;M;DMR_Peg10,MonoallelicMeth,VMR;chr6:4748152-4748897
chr6	4746830	4749271	Peg10	chr6:4746830-4749271	cg43096203_TC21	Enhancer,ImprintDMR;chr6:4746743-4749483;M;DMR_Peg10,MonoallelicMeth
chr6	4746830	4749271	Peg10	chr6:4746830-4749271	cg43096204_TC21	ImprintDMR;chr6:4746743-4749483;M;DMR_Peg10,MonoallelicMeth
chr6	30735884	30739580	Mest	chr6:30735884-30739580	cg43264573_TC21	ImprintDMR;chr6:30734932-30739966;M;DMR_Peg1_Mest
chr6	30735884	30739580	Mest	chr6:30735884-30739580	cg43264574_BC21	ImprintDMR;chr6:30734932-30739966;M;DMR_Peg1_Mest
chr6	30735884	30739580	Mest	chr6:30735884-30739580	cg43264576_BC21	ImprintDMR;chr6:30734932-30739966;M;DMR_Peg1_Mest,MonoallelicMeth
chr6	30735884	30739580	Mest	chr6:30735884-30739580	cg43264577_TC21	ImprintDMR;chr6:30734932-30739966;M;DMR_Peg1_Mest,MonoallelicMeth
chr6	30735884	30739580	Mest	chr6:30735884-30739580	cg43264591_BC11	ImprintDMR;chr6:30734932-30739966;M;DMR_Peg1_Mest,MonoallelicMeth
chr6	30735884	30739580	Mest	chr6:30735884-30739580	cg43264595_BC21	ImprintDMR;chr6:30734932-30739966;M;DMR_Peg1_Mest,MonoallelicMeth
chr6	30735884	30739580	Mest	chr6:30735884-30739580	cg43264602_TC21	ImprintDMR;chr6:30734932-30739966;M;DMR_Peg1_Mest,MonoallelicMeth
chr6	30735884	30739580	Mest	chr6:30735884-30739580	cg43264611_TC21	ImprintDMR;chr6:30734932-30739966;M;DMR_Peg1_Mest,MonoallelicMeth,VMR;chr6:30736960-30737497
chr6	30735884	30739580	Mest	chr6:30735884-30739580	cg43264612_TC21	ImprintDMR;chr6:30734932-30739966;M;DMR_Peg1_Mest,MonoallelicMeth
chr6	30735884	30739580	Mest	chr6:30735884-30739580	cg43264616_BC21	EPIC;cg14088957,ImprintDMR;chr6:30734932-30739966;M;DMR_Peg1_Mest,MonoallelicMeth
chr6	30735884	30739580	Mest	chr6:30735884-30739580	cg43264618_BC21	ImprintDMR;chr6:30734932-30739966;M;DMR_Peg1_Mest,MonoallelicMeth
chr6	30735884	30739580	Mest	chr6:30735884-30739580	cg43264623_BC21	ImprintDMR;chr6:30734932-30739966;M;DMR_Peg1_Mest,MonoallelicMeth
chr6	30735884	30739580	Mest	chr6:30735884-30739580	cg43264624_BC11	ImprintDMR;chr6:30734932-30739966;M;DMR_Peg1_Mest,MonoallelicMeth
chr6	30735884	30739580	Mest	chr6:30735884-30739580	cg43264627_BC21	ImprintDMR;chr6:30734932-30739966;M;DMR_Peg1_Mest,MonoallelicMeth
chr6	30735884	30739580	Mest	chr6:30735884-30739580	cg43264628_TC11	ImprintDMR;chr6:30734932-30739966;M;DMR_Peg1_Mest,MonoallelicMeth
chr6	30735884	30739580	Mest	chr6:30735884-30739580	cg43264629_TC21	ImprintDMR;chr6:30734932-30739966;M;DMR_Peg1_Mest,MonoallelicMeth
chr6	30735884	30739580	Mest	chr6:30735884-30739580	cg43264630_BC21	ImprintDMR;chr6:30734932-30739966;M;DMR_Peg1_Mest,MonoallelicMeth
chr6	30735884	30739580	Mest	chr6:30735884-30739580	cg43264631_TC21	ImprintDMR;chr6:30734932-30739966;M;DMR_Peg1_Mest,MonoallelicMeth,TSS;chr6:30738049;Mest;ENSMUST00000163949;-299;2,TSS;chr6:30738052;Mest;ENSMUST00000124665;-302;2
chr6	30735884	30739580	Mest	chr6:30735884-30739580	cg43264647_BC21	CGI;chr6:30737907-30738499,EPIC;cg07870293,ImprintDMR;chr6:30734932-30739966;M;DMR_Peg1_Mest,TSS;chr6:30738049;Mest;ENSMUST00000163949;+7;1,TSS;chr6:30738052;Mest;ENSMUST00000124665;+4;1
chr6	30735884	30739580	Mest	chr6:30735884-30739580	cg43264690_TC21	ImprintDMR;chr6:30734932-30739966;M;DMR_Peg1_Mest,MonoallelicMeth
chr6	30735884	30739580	Mest	chr6:30735884-30739580	cg43264696_TC21	ImprintDMR;chr6:30734932-30739966;M;DMR_Peg1_Mest,MonoallelicMeth
chr6	30735884	30739580	Mest	chr6:30735884-30739580	cg43264697_BC11	ImprintDMR;chr6:30734932-30739966;M;DMR_Peg1_Mest,MonoallelicMeth
chr6	30735884	30739580	Mest	chr6:30735884-30739580	cg43264698_TC21	ImprintDMR;chr6:30734932-30739966;M;DMR_Peg1_Mest,MonoallelicMeth
chr6	30735884	30739580	Mest	chr6:30735884-30739580	cg43264699_BC21	ImprintDMR;chr6:30734932-30739966;M;DMR_Peg1_Mest,MonoallelicMeth
chr6	30735884	30739580	Mest	chr6:30735884-30739580	cg43264700_TC21	ImprintDMR;chr6:30734932-30739966;M;DMR_Peg1_Mest,MonoallelicMeth,VMR;chr6:30738550-30738868
chr6	30735884	30739580	Mest	chr6:30735884-30739580	cg43264701_TC11	ImprintDMR;chr6:30734932-30739966;M;DMR_Peg1_Mest,MonoallelicMeth
chr6	30735884	30739580	Mest	chr6:30735884-30739580	cg43264711_BC21	ImprintDMR;chr6:30734932-30739966;M;DMR_Peg1_Mest,MonoallelicMeth
chr6	30735884	30739580	Mest	chr6:30735884-30739580	cg43264712_BC21	ImprintDMR;chr6:30734932-30739966;M;DMR_Peg1_Mest,MonoallelicMeth
chr6	30735884	30739580	Mest	chr6:30735884-30739580	cg43264716_BC21	ImprintDMR;chr6:30734932-30739966;M;DMR_Peg1_Mest
chr6	30735884	30739580	Mest	chr6:30735884-30739580	cg43264719_BC21	ImprintDMR;chr6:30734932-30739966;M;DMR_Peg1_Mest,MonoallelicMeth
chr6	30735884	30739580	Mest	chr6:30735884-30739580	cg43264720_BC21	ImprintDMR;chr6:30734932-30739966;M;DMR_Peg1_Mest,MonoallelicMeth
chr6	30735884	30739580	Mest	chr6:30735884-30739580	cg43264721_BC21	ImprintDMR;chr6:30734932-30739966;M;DMR_Peg1_Mest,MonoallelicMeth
chr7	6727472	6731285	Peg3	chr7:6727472-6731285	cg44211832_BC21	ImprintDMR;chr7:6727076-6731546;M;DMR_Peg3_Usp29
chr7	6727472	6731285	Peg3	chr7:6727472-6731285	cg44211833_BC11	ImprintDMR;chr7:6727076-6731546;M;DMR_Peg3_Usp29,MonoallelicMeth
chr7	6727472	6731285	Peg3	chr7:6727472-6731285	cg44211837_TC21	ImprintDMR;chr7:6727076-6731546;M;DMR_Peg3_Usp29,MonoallelicMeth
chr7	6727472	6731285	Peg3	chr7:6727472-6731285	cg44211840_BC21	ImprintDMR;chr7:6727076-6731546;M;DMR_Peg3_Usp29,MonoallelicMeth
chr7	6727472	6731285	Peg3	chr7:6727472-6731285	cg44211841_BC21	ImprintDMR;chr7:6727076-6731546;M;DMR_Peg3_Usp29,MonoallelicMeth
chr7	6727472	6731285	Peg3	chr7:6727472-6731285	cg44211843_TC21	ImprintDMR;chr7:6727076-6731546;M;DMR_Peg3_Usp29,MonoallelicMeth
chr7	6727472	6731285	Peg3	chr7:6727472-6731285	cg44211846_TC21	Enhancer,ImprintDMR;chr7:6727076-6731546;M;DMR_Peg3_Usp29,MonoallelicMeth
chr7	6727472	6731285	Peg3	chr7:6727472-6731285	cg44211847_BC21	Enhancer,ImprintDMR;chr7:6727076-6731546;M;DMR_Peg3_Usp29,MonoallelicMeth
chr7	6727472	6731285	Peg3	chr7:6727472-6731285	cg44211851_TC21	ImprintDMR;chr7:6727076-6731546;M;DMR_Peg3_Usp29
chr7	6727472	6731285	Peg3	chr7:6727472-6731285	cg44211856_TC21	ImprintDMR;chr7:6727076-6731546;M;DMR_Peg3_Usp29
chr7	6727472	6731285	Peg3	chr7:6727472-6731285	cg44211857_BC21	ImprintDMR;chr7:6727076-6731546;M;DMR_Peg3_Usp29
chr7	6727472	6731285	Peg3	chr7:6727472-6731285	cg44211860_TC11	ImprintDMR;chr7:6727076-6731546;M;DMR_Peg3_Usp29
chr7	6727472	6731285	Peg3	chr7:6727472-6731285	cg44211864_TC21	ImprintDMR;chr7:6727076-6731546;M;DMR_Peg3_Usp29,MonoallelicMeth
chr7	6727472	6731285	Peg3	chr7:6727472-6731285	cg44211871_TC21	ImprintDMR;chr7:6727076-6731546;M;DMR_Peg3_Usp29,MonoallelicMeth
chr7	6727472	6731285	Peg3	chr7:6727472-6731285	cg44211876_TC21	ImprintDMR;chr7:6727076-6731546;M;DMR_Peg3_Usp29,MonoallelicMeth
chr7	6727472	6731285	Peg3	chr7:6727472-6731285	cg44211877_TC21	ImprintDMR;chr7:6727076-6731546;M;DMR_Peg3_Usp29,MonoallelicMeth
chr7	6727472	6731285	Peg3	chr7:6727472-6731285	cg44211878_BC21	ImprintDMR;chr7:6727076-6731546;M;DMR_Peg3_Usp29,MonoallelicMeth
chr7	6727472	6731285	Peg3	chr7:6727472-6731285	cg44211880_BC21	CGI;chr7:6729450-6729785,Enhancer,ImprintDMR;chr7:6727076-6731546;M;DMR_Peg3_Usp29,MonoallelicMeth,VMR;chr7:6729450-6729497
chr7	6727472	6731285	Peg3	chr7:6727472-6731285	cg44211890_BC21	ImprintDMR;chr7:6727076-6731546;M;DMR_Peg3_Usp29
chr7	6727472	6731285	Peg3	chr7:6727472-6731285	cg44211892_BC21	CGI;chr7:6729450-6729785,ImprintDMR;chr7:6727076-6731546;M;DMR_Peg3_Usp29,VMR;chr7:6729590-6730009
chr7	6727472	6731285	Peg3	chr7:6727472-6731285	cg44211895_TC11	CGI;chr7:6729450-6729785,ImprintDMR;chr7:6727076-6731546;M;DMR_Peg3_Usp29
chr7	6727472	6731285	Peg3	chr7:6727472-6731285	cg44211906_TC21	ImprintDMR;chr7:6727076-6731546;M;DMR_Peg3_Usp29,MonoallelicMeth
chr7	6727472	6731285	Peg3	chr7:6727472-6731285	cg44211907_BC21	ImprintDMR;chr7:6727076-6731546;M;DMR_Peg3_Usp29,MonoallelicMeth
chr7	6727472	6731285	Peg3	chr7:6727472-6731285	cg44211917_BC21	CGI;chr7:6730062-6730398,ImprintDMR;chr7:6727076-6731546;M;DMR_Peg3_Usp29
chr7	6727472	6731285	Peg3	chr7:6727472-6731285	cg44211919_BC21	CGI;chr7:6730062-6730398,ImprintDMR;chr7:6727076-6731546;M;DMR_Peg3_Usp29
chr7	6727472	6731285	Peg3	chr7:6727472-6731285	cg44211922_TC11	ImprintDMR;chr7:6727076-6731546;M;DMR_Peg3_Usp29
chr7	6727472	6731285	Peg3	chr7:6727472-6731285	cg44211924_TC21	ImprintDMR;chr7:6727076-6731546;M;DMR_Peg3_Usp29
chr7	6727472	6731285	Peg3	chr7:6727472-6731285	cg44211926_TC21	CGI;chr7:6730062-6730398,ImprintDMR;chr7:6727076-6731546;M;DMR_Peg3_Usp29
chr7	6727472	6731285	Peg3	chr7:6727472-6731285	cg44211939_BC21	ImprintDMR;chr7:6727076-6731546;M;DMR_Peg3_Usp29,TSS;chr7:6730420;Peg3;ENSMUST00000051209;+6;1
chr7	6727472	6731285	Peg3	chr7:6727472-6731285	cg44211941_TC21	EPIC;cg13960339,ImprintDMR;chr7:6727076-6731546;M;DMR_Peg3_Usp29,TSS;chr7:6730420;Peg3;ENSMUST00000051209;-46;2
chr7	6727472	6731285	Peg3	chr7:6727472-6731285	cg44211945_BC21	ImprintDMR;chr7:6727076-6731546;M;DMR_Peg3_Usp29,MonoallelicMeth,TSS;chr7:6730582;Usp29;ENSMUST00000200535;+1;1
chr7	6727472	6731285	Peg3	chr7:6727472-6731285	cg44211948_TC21	ImprintDMR;chr7:6727076-6731546;M;DMR_Peg3_Usp29,TSS;chr7:6730582;Usp29;ENSMUST00000200535;+104;2,TSS;chr7:6730740;Usp29;ENSMUST00000197117;-54;1
chr7	6727472	6731285	Peg3	chr7:6727472-6731285	cg44211951_TC11	ImprintDMR;chr7:6727076-6731546;M;DMR_Peg3_Usp29,MonoallelicMeth,TSS;chr7:6730740;Usp29;ENSMUST00000197117;+66;2
chr7	6727472	6731285	Peg3	chr7:6727472-6731285	cg44211952_TC11	ImprintDMR;chr7:6727076-6731546;M;DMR_Peg3_Usp29,MonoallelicMeth
chr7	6727472	6731285	Peg3	chr7:6727472-6731285	cg44211954_BC11	ImprintDMR;chr7:6727076-6731546;M;DMR_Peg3_Usp29,MonoallelicMeth
chr7	6727472	6731285	Peg3	chr7:6727472-6731285	cg44211955_TC21	ImprintDMR;chr7:6727076-6731546;M;DMR_Peg3_Usp29,MonoallelicMeth
chr7	6727472	6731285	Peg3	chr7:6727472-6731285	cg44211956_BC21	ImprintDMR;chr7:6727076-6731546;M;DMR_Peg3_Usp29,MonoallelicMeth
chr7	6727472	6731285	Peg3	chr7:6727472-6731285	cg44211959_BC11	ImprintDMR;chr7:6727076-6731546;M;DMR_Peg3_Usp29,MonoallelicMeth
chr7	6727472	6731285	Peg3	chr7:6727472-6731285	cg44211963_TC21	ImprintDMR;chr7:6727076-6731546;M;DMR_Peg3_Usp29,MonoallelicMeth
chr7	6727472	6731285	Peg3	chr7:6727472-6731285	cg44211964_BC21	EPIC;cg26917367,ImprintDMR;chr7:6727076-6731546;M;DMR_Peg3_Usp29,MonoallelicMeth,VMR;chr7:6730971-6731231
chr7	6727472	6731285	Peg3	chr7:6727472-6731285	cg44211965_BC21	ImprintDMR;chr7:6727076-6731546;M;DMR_Peg3_Usp29,MonoallelicMeth
chr7	6727472	6731285	Peg3	chr7:6727472-6731285	cg44211966_BC21	ImprintDMR;chr7:6727076-6731546;M;DMR_Peg3_Usp29,MonoallelicMeth
chr7	6727472	6731285	Peg3	chr7:6727472-6731285	cg44211968_TC11	ImprintDMR;chr7:6727076-6731546;M;DMR_Peg3_Usp29,MonoallelicMeth
chr7	6727472	6731285	Peg3	chr7:6727472-6731285	cg44211969_TC21	ImprintDMR;chr7:6727076-6731546;M;DMR_Peg3_Usp29,MonoallelicMeth
chr7	60004023	60005770	Snrpn	chr7:60004023-60005770	cg44615598_TC11	ImprintDMR;chr7:60002495-60006697;M;DMR_Snrpn_Snurf
chr7	60004023	60005770	Snrpn	chr7:60004023-60005770	cg44615599_TC21	ImprintDMR;chr7:60002495-60006697;M;DMR_Snrpn_Snurf
chr7	60004023	60005770	Snrpn	chr7:60004023-60005770	cg44615601_TC21	ImprintDMR;chr7:60002495-60006697;M;DMR_Snrpn_Snurf
chr7	60004023	60005770	Snrpn	chr7:60004023-60005770	cg44615632_BC21	ImprintDMR;chr7:60002495-60006697;M;DMR_Snrpn_Snurf,MonoallelicMeth,TSS;chr7:60005048;Snurf;ENSMUST00000194059;-179;1,TSS;chr7:60005110;Snrpn;ENSMUST00000059305;-117;1
chr7	60004023	60005770	Snrpn	chr7:60004023-60005770	cg44615634_TC21	ImprintDMR;chr7:60002495-60006697;M;DMR_Snrpn_Snurf,MonoallelicMeth,TSS;chr7:60005048;Snurf;ENSMUST00000194059;-246;2,TSS;chr7:60005110;Snrpn;ENSMUST00000059305;-184;2,VMR;chr7:60004987-60005309
chr7	142579860	142581956	H19	chr7:142579860-142581956	cg45285094_BC21	ImprintDMR;chr7:142578768-142586025;P;DMR_H19_Igf2_Sasaki,MonoallelicMeth
chr7	142579860	142581956	H19	chr7:142579860-142581956	cg45285099_BC21	ImprintDMR;chr7:142578768-142586025;P;DMR_H19_Igf2_Sasaki,ImprintDMR;chr7:142580095-142582495;P;DMR_H19_Igf2_Hiura,MonoallelicMeth
chr7	142579860	142581956	H19	chr7:142579860-142581956	cg45285100_BC11	ImprintDMR;chr7:142578768-142586025;P;DMR_H19_Igf2_Sasaki,ImprintDMR;chr7:142580095-142582495;P;DMR_H19_Igf2_Hiura,MonoallelicMeth,VMR;chr7:142580077-142580587
chr7	142579860	142581956	H19	chr7:142579860-142581956	cg45285101_BC21	Enhancer,ImprintDMR;chr7:142578768-142586025;P;DMR_H19_Igf2_Sasaki,ImprintDMR;chr7:142580095-142582495;P;DMR_H19_Igf2_Hiura,MonoallelicMeth
chr7	142579860	142581956	H19	chr7:142579860-142581956	cg45285102_TC21	ImprintDMR;chr7:142578768-142586025;P;DMR_H19_Igf2_Sasaki,ImprintDMR;chr7:142580095-142582495;P;DMR_H19_Igf2_Hiura,MonoallelicMeth
chr7	142579860	142581956	H19	chr7:142579860-142581956	cg45285110_TC21	ImprintDMR;chr7:142578768-142586025;P;DMR_H19_Igf2_Sasaki,ImprintDMR;chr7:142580095-142582495;P;DMR_H19_Igf2_Hiura,MonoallelicMeth
chr7	142579860	142581956	H19	chr7:142579860-142581956	cg45285113_BC11	Enhancer,ImprintDMR;chr7:142578768-142586025;P;DMR_H19_Igf2_Sasaki,ImprintDMR;chr7:142580095-142582495;P;DMR_H19_Igf2_Hiura,MonoallelicMeth
chr7	142579860	142581956	H19	chr7:142579860-142581956	cg45285114_TC21	ImprintDMR;chr7:142578768-142586025;P;DMR_H19_Igf2_Sasaki,ImprintDMR;chr7:142580095-142582495;P;DMR_H19_Igf2_Hiura,MonoallelicMeth
chr7	142579860	142581956	H19	chr7:142579860-142581956	cg45285115_BC21	ImprintDMR;chr7:142578768-142586025;P;DMR_H19_Igf2_Sasaki,ImprintDMR;chr7:142580095-142582495;P;DMR_H19_Igf2_Hiura,MonoallelicMeth
chr7	142579860	142581956	H19	chr7:142579860-142581956	cg45285120_BC21	ImprintDMR;chr7:142578768-142586025;P;DMR_H19_Igf2_Sasaki,ImprintDMR;chr7:142580095-142582495;P;DMR_H19_Igf2_Hiura,MonoallelicMeth
chr7	142579860	142581956	H19	chr7:142579860-142581956	cg45285121_TC21	ImprintDMR;chr7:142578768-142586025;P;DMR_H19_Igf2_Sasaki,ImprintDMR;chr7:142580095-142582495;P;DMR_H19_Igf2_Hiura,MonoallelicMeth
chr7	142579860	142581956	H19	chr7:142579860-142581956	cg45285125_TC11	ImprintDMR;chr7:142578768-142586025;P;DMR_H19_Igf2_Sasaki,ImprintDMR;chr7:142580095-142582495;P;DMR_H19_Igf2_Hiura,MonoallelicMeth
chr7	142579860	142581956	H19	chr7:142579860-142581956	cg45285127_BC21	ImprintDMR;chr7:142578768-142586025;P;DMR_H19_Igf2_Sasaki,ImprintDMR;chr7:142580095-142582495;P;DMR_H19_Igf2_Hiura,MonoallelicMeth
chr7	142579860	142581956	H19	chr7:142579860-142581956	cg45285129_TC11	ImprintDMR;chr7:142578768-142586025;P;DMR_H19_Igf2_Sasaki,ImprintDMR;chr7:142580095-142582495;P;DMR_H19_Igf2_Hiura,MonoallelicMeth
chr7	142579860	142581956	H19	chr7:142579860-142581956	cg45285130_BC11	ImprintDMR;chr7:142578768-142586025;P;DMR_H19_Igf2_Sasaki,ImprintDMR;chr7:142580095-142582495;P;DMR_H19_Igf2_Hiura,MonoallelicMeth
chr7	142579860	142581956	H19	chr7:142579860-142581956	cg45285132_BC21	ImprintDMR;chr7:142578768-142586025;P;DMR_H19_Igf2_Sasaki,ImprintDMR;chr7:142580095-142582495;P;DMR_H19_Igf2_Hiura,MonoallelicMeth
chr7	142579860	142581956	H19	chr7:142579860-142581956	cg45285133_BC11	ImprintDMR;chr7:142578768-142586025;P;DMR_H19_Igf2_Sasaki,ImprintDMR;chr7:142580095-142582495;P;DMR_H19_Igf2_Hiura,MonoallelicMeth,VMR;chr7:142581037-142581235
chr7	142579860	142581956	H19	chr7:142579860-142581956	cg45285135_TC21	ImprintDMR;chr7:142578768-142586025;P;DMR_H19_Igf2_Sasaki,ImprintDMR;chr7:142580095-142582495;P;DMR_H19_Igf2_Hiura
chr7	142579860	142581956	H19	chr7:142579860-142581956	cg45285136_TC21	ImprintDMR;chr7:142578768-142586025;P;DMR_H19_Igf2_Sasaki,ImprintDMR;chr7:142580095-142582495;P;DMR_H19_Igf2_Hiura,MonoallelicMeth
chr7	142579860	142581956	H19	chr7:142579860-142581956	cg45285138_BC11	ImprintDMR;chr7:142578768-142586025;P;DMR_H19_Igf2_Sasaki,ImprintDMR;chr7:142580095-142582495;P;DMR_H19_Igf2_Hiura,MonoallelicMeth
chr7	142579860	142581956	H19	chr7:142579860-142581956	cg45285140_BC11	ImprintDMR;chr7:142578768-142586025;P;DMR_H19_Igf2_Sasaki,ImprintDMR;chr7:142580095-142582495;P;DMR_H19_Igf2_Hiura,MonoallelicMeth
chr7	142579860	142581956	H19	chr7:142579860-142581956	cg45285141_BC21	ImprintDMR;chr7:142578768-142586025;P;DMR_H19_Igf2_Sasaki,ImprintDMR;chr7:142580095-142582495;P;DMR_H19_Igf2_Hiura,MonoallelicMeth
chr7	142579860	142581956	H19	chr7:142579860-142581956	cg45285142_BC21	ImprintDMR;chr7:142578768-142586025;P;DMR_H19_Igf2_Sasaki,ImprintDMR;chr7:142580095-142582495;P;DMR_H19_Igf2_Hiura,MonoallelicMeth
chr7	142579860	142581956	H19	chr7:142579860-142581956	cg45285143_BC21	ImprintDMR;chr7:142578768-142586025;P;DMR_H19_Igf2_Sasaki,ImprintDMR;chr7:142580095-142582495;P;DMR_H19_Igf2_Hiura,MonoallelicMeth
chr7	142579860	142581956	H19	chr7:142579860-142581956	cg45285146_TC21	ImprintDMR;chr7:142578768-142586025;P;DMR_H19_Igf2_Sasaki,ImprintDMR;chr7:142580095-142582495;P;DMR_H19_Igf2_Hiura,MonoallelicMeth
chr7	142579860	142581956	H19	chr7:142579860-142581956	cg45285149_TC21	ImprintDMR;chr7:142578768-142586025;P;DMR_H19_Igf2_Sasaki,ImprintDMR;chr7:142580095-142582495;P;DMR_H19_Igf2_Hiura,MonoallelicMeth
chr7	142579860	142581956	H19	chr7:142579860-142581956	cg45285150_TC11	ImprintDMR;chr7:142578768-142586025;P;DMR_H19_Igf2_Sasaki,ImprintDMR;chr7:142580095-142582495;P;DMR_H19_Igf2_Hiura,MonoallelicMeth
chr7	143294798	143296071	Kcnq1ot1	chr7:143294798-143296071	cg45290643_BC21	CGI;chr7:143295404-143295824,ImprintDMR;chr7:143294831-143296905;M;DMR_Kcnq1ot1
chr7	143294798	143296071	Kcnq1ot1	chr7:143294798-143296071	cg45290644_BC11	CGI;chr7:143295404-143295824,ImprintDMR;chr7:143294831-143296905;M;DMR_Kcnq1ot1
chr7	143294798	143296071	Kcnq1ot1	chr7:143294798-143296071	cg45290647_BC21	Enhancer,ImprintDMR;chr7:143294831-143296905;M;DMR_Kcnq1ot1,MonoallelicMeth
chr7	143294798	143296071	Kcnq1ot1	chr7:143294798-143296071	cg45290648_TC21	ImprintDMR;chr7:143294831-143296905;M;DMR_Kcnq1ot1,MonoallelicMeth
chr7	143294798	143296071	Kcnq1ot1	chr7:143294798-143296071	cg45290657_TC21	EPIC;cg11297256,ImprintDMR;chr7:143294831-143296905;M;DMR_Kcnq1ot1,MonoallelicMeth
chr9	89875459	89878138	Rasgrf1	chr9:89875459-89878138	cg47072735_BC21	ImprintDMR;chr9:89872252-89880290;P;DMR_Rasgrf1
chr9	89875459	89878138	Rasgrf1	chr9:89875459-89878138	cg47072736_BC21	ImprintDMR;chr9:89872252-89880290;P;DMR_Rasgrf1
chr9	89875459	89878138	Rasgrf1	chr9:89875459-89878138	cg47072738_BC21	ImprintDMR;chr9:89872252-89880290;P;DMR_Rasgrf1
chr9	89875459	89878138	Rasgrf1	chr9:89875459-89878138	cg47072739_TC11	ImprintDMR;chr9:89872252-89880290;P;DMR_Rasgrf1,VMR;chr9:89875810-89875918
chr9	89875459	89878138	Rasgrf1	chr9:89875459-89878138	cg47072741_BC21	ImprintDMR;chr9:89872252-89880290;P;DMR_Rasgrf1
chr9	89875459	89878138	Rasgrf1	chr9:89875459-89878138	cg47072750_TC21	ImprintDMR;chr9:89872252-89880290;P;DMR_Rasgrf1
chr9	89875459	89878138	Rasgrf1	chr9:89875459-89878138	cg47072751_BC21	ImprintDMR;chr9:89872252-89880290;P;DMR_Rasgrf1,MonoallelicMeth
chr9	89875459	89878138	Rasgrf1	chr9:89875459-89878138	cg47072754_TC21	ImprintDMR;chr9:89872252-89880290;P;DMR_Rasgrf1,MonoallelicMeth
chr9	89875459	89878138	Rasgrf1	chr9:89875459-89878138	cg47072757_BC21	ImprintDMR;chr9:89872252-89880290;P;DMR_Rasgrf1
chr9	89875459	89878138	Rasgrf1	chr9:89875459-89878138	cg47072761_BC21	ImprintDMR;chr9:89872252-89880290;P;DMR_Rasgrf1,MonoallelicMeth
chr9	89875459	89878138	Rasgrf1	chr9:89875459-89878138	cg47072762_BC21	ImprintDMR;chr9:89872252-89880290;P;DMR_Rasgrf1,MonoallelicMeth
